1,Đắc Nhân Tâm,56,Kinh nghiệm sống,Hiểu người để thành công trong giao tiếp,Dale Carnegie,NXB Kim Đồng,INSTOCK
2,Doraemon,79,Giải trí,Cuộc sống của mèo doraemon,Fujiko Fujio,NXB Trẻ,INSTOCK
3,dqmw,123,fm,mamd,eq,qe,INSTOCK
4,Conan,250,Giải trí,Nói về việc điều tra tội phạm của Conan,Aoyama Yoshimasa,NXB Nhật Bản,INSTOCK
5,One Piece,290,Giải trí,Tìm kiếm vùng biển bí ẩn nơi cất giữ kho báu,Oda Eiichiro,NXB Kim Đồng,INSTOCK
6,Harry Potter,140,Truyện,Cuộc chiến của Harry Potter chống lại một phù thủy,J. K. Rowling,NXB Tuổi Trẻ,INSTOCK
7,Kimi no Na wa,77,Truyện,Mitsuha và Taki đã gặp được nhau qua một giấc mơ,Yuuki Taurus,NXB HCM,INSTOCK
8,Trên đường băng,198,Tâm sự,Truyền cảm hứng nhất cho những người trẻ tuổi,Tony buổi sáng,NXB Trẻ,INSTOCK
9,Bảy viên ngọc rồng,190,Truyện,Cuộc hành trình của cậu bé Son Goku,Toriyama Akira,NXB Kim Đồng,INSTOCK
132,req,12,eq,eqw,qưe,bf,INSTOCK
10,hihi,10,miii,hehee,nnn,qqqq,INSTOCK
